Copyright 1986-2019 Xilinx, Inc. All Rights Reserved.
--------------------------------------------------------------------------------------------------------------------------------------------------------------------------------
| Tool Version : Vivado v.2019.2 (win64) Build 2708876 Wed Nov  6 21:40:23 MST 2019
| Date         : Mon May  4 16:14:11 2026
| Host         : DESKTOP-1DMCA9F running 64-bit major release  (build 9200)
| Command      : report_timing_summary -max_paths 10 -file top_timing_summary_routed.rpt -pb top_timing_summary_routed.pb -rpx top_timing_summary_routed.rpx -warn_on_violation
| Design       : top
| Device       : 7a100t-csg324
| Speed File   : -1  PRODUCTION 1.23 2018-06-13
--------------------------------------------------------------------------------------------------------------------------------------------------------------------------------

Timing Summary Report

------------------------------------------------------------------------------------------------
| Timer Settings
| --------------
------------------------------------------------------------------------------------------------

  Enable Multi Corner Analysis               :  Yes
  Enable Pessimism Removal                   :  Yes
  Pessimism Removal Resolution               :  Nearest Common Node
  Enable Input Delay Default Clock           :  No
  Enable Preset / Clear Arcs                 :  No
  Disable Flight Delays                      :  No
  Ignore I/O Paths                           :  No
  Timing Early Launch at Borrowing Latches   :  No
  Borrow Time for Max Delay Exceptions       :  Yes
  Merge Timing Exceptions                    :  Yes

  Corner  Analyze    Analyze    
  Name    Max Paths  Min Paths  
  ------  ---------  ---------  
  Slow    Yes        Yes        
  Fast    Yes        Yes        



check_timing report

Table of Contents
-----------------
1. checking no_clock
2. checking constant_clock
3. checking pulse_width_clock
4. checking unconstrained_internal_endpoints
5. checking no_input_delay
6. checking no_output_delay
7. checking multiple_clock
8. checking generated_clocks
9. checking loops
10. checking partial_input_delay
11. checking partial_output_delay
12. checking latch_loops

1. checking no_clock
--------------------
 There are 0 register/latch pins with no clock.


2. checking constant_clock
--------------------------
 There are 0 register/latch pins with constant_clock.


3. checking pulse_width_clock
-----------------------------
 There are 0 register/latch pins which need pulse_width check


4. checking unconstrained_internal_endpoints
--------------------------------------------
 There are 0 pins that are not constrained for maximum delay.

 There are 0 pins that are not constrained for maximum delay due to constant clock.


5. checking no_input_delay
--------------------------
 There are 2 input ports with no input delay specified. (HIGH)

 There are 0 input ports with no input delay but user has a false path constraint.


6. checking no_output_delay
---------------------------
 There are 11 ports with no output delay specified. (HIGH)

 There are 0 ports with no output delay but user has a false path constraint

 There are 0 ports with no output delay but with a timing clock defined on it or propagating through it


7. checking multiple_clock
--------------------------
 There are 0 register/latch pins with multiple clocks.


8. checking generated_clocks
----------------------------
 There are 0 generated clocks that are not connected to a clock source.


9. checking loops
-----------------
 There are 0 combinational loops in the design.


10. checking partial_input_delay
--------------------------------
 There are 0 input ports with partial input delay specified.


11. checking partial_output_delay
---------------------------------
 There are 0 ports with partial output delay specified.


12. checking latch_loops
------------------------
 There are 0 combinational latch loops in the design through latch input



------------------------------------------------------------------------------------------------
| Design Timing Summary
| ---------------------
------------------------------------------------------------------------------------------------

    WNS(ns)      TNS(ns)  TNS Failing Endpoints  TNS Total Endpoints      WHS(ns)      THS(ns)  THS Failing Endpoints  THS Total Endpoints     WPWS(ns)     TPWS(ns)  TPWS Failing Endpoints  TPWS Total Endpoints  
    -------      -------  ---------------------  -------------------      -------      -------  ---------------------  -------------------     --------     --------  ----------------------  --------------------  
      6.531        0.000                      0                  113        0.187        0.000                      0                  113        4.500        0.000                       0                    83  


All user specified timing constraints are met.


------------------------------------------------------------------------------------------------
| Clock Summary
| -------------
------------------------------------------------------------------------------------------------

Clock  Waveform(ns)       Period(ns)      Frequency(MHz)
-----  ------------       ----------      --------------
clk    {0.000 5.000}      10.000          100.000         


------------------------------------------------------------------------------------------------
| Intra Clock Table
| -----------------
------------------------------------------------------------------------------------------------

Clock             WNS(ns)      TNS(ns)  TNS Failing Endpoints  TNS Total Endpoints      WHS(ns)      THS(ns)  THS Failing Endpoints  THS Total Endpoints     WPWS(ns)     TPWS(ns)  TPWS Failing Endpoints  TPWS Total Endpoints  
-----             -------      -------  ---------------------  -------------------      -------      -------  ---------------------  -------------------     --------     --------  ----------------------  --------------------  
clk                 6.531        0.000                      0                  113        0.187        0.000                      0                  113        4.500        0.000                       0                    83  


------------------------------------------------------------------------------------------------
| Inter Clock Table
| -----------------
------------------------------------------------------------------------------------------------

From Clock    To Clock          WNS(ns)      TNS(ns)  TNS Failing Endpoints  TNS Total Endpoints      WHS(ns)      THS(ns)  THS Failing Endpoints  THS Total Endpoints  
----------    --------          -------      -------  ---------------------  -------------------      -------      -------  ---------------------  -------------------  


------------------------------------------------------------------------------------------------
| Other Path Groups Table
| -----------------------
------------------------------------------------------------------------------------------------

Path Group    From Clock    To Clock          WNS(ns)      TNS(ns)  TNS Failing Endpoints  TNS Total Endpoints      WHS(ns)      THS(ns)  THS Failing Endpoints  THS Total Endpoints  
----------    ----------    --------          -------      -------  ---------------------  -------------------      -------      -------  ---------------------  -------------------  


------------------------------------------------------------------------------------------------
| Timing Details
| --------------
------------------------------------------------------------------------------------------------


---------------------------------------------------------------------------------------------------
From Clock:  clk
  To Clock:  clk

Setup :            0  Failing Endpoints,  Worst Slack        6.531ns,  Total Violation        0.000ns
Hold  :            0  Failing Endpoints,  Worst Slack        0.187ns,  Total Violation        0.000ns
PW    :            0  Failing Endpoints,  Worst Slack        4.500ns,  Total Violation        0.000ns
---------------------------------------------------------------------------------------------------


Max Delay Paths
--------------------------------------------------------------------------------------
Slack (MET) :             6.531ns  (required time - arrival time)
  Source:                 u1/doppler_in_last_reg/C
                            (rising edge-triggered cell FDCE clocked by clk  {rise@0.000ns fall@5.000ns period=10.000ns})
  Destination:            u1/counter_reg[29]/D
                            (rising edge-triggered cell FDCE clocked by clk  {rise@0.000ns fall@5.000ns period=10.000ns})
  Path Group:             clk
  Path Type:              Setup (Max at Slow Process Corner)
  Requirement:            10.000ns  (clk rise@10.000ns - clk rise@0.000ns)
  Data Path Delay:        3.522ns  (logic 2.331ns (66.184%)  route 1.191ns (33.816%))
  Logic Levels:           9  (CARRY4=8 LUT3=1)
  Clock Path Skew:        -0.021ns (DCD - SCD + CPR)
    Destination Clock Delay (DCD):    4.940ns = ( 14.940 - 10.000 ) 
    Source Clock Delay      (SCD):    5.236ns
    Clock Pessimism Removal (CPR):    0.275ns
  Clock Uncertainty:      0.035ns  ((TSJ^2 + TIJ^2)^1/2 + DJ) / 2 + PE
    Total System Jitter     (TSJ):    0.071ns
    Total Input Jitter      (TIJ):    0.000ns
    Discrete Jitter          (DJ):    0.000ns
    Phase Error              (PE):    0.000ns

    Location             Delay type                Incr(ns)  Path(ns)    Netlist Resource(s)
  -------------------------------------------------------------------    -------------------
                         (clock clk rise edge)        0.000     0.000 r  
    E3                                                0.000     0.000 r  clk (IN)
                         net (fo=0)                   0.000     0.000    clk
    E3                   IBUF (Prop_ibuf_I_O)         1.482     1.482 r  clk_IBUF_inst/O
                         net (fo=1, routed)           2.025     3.506    clk_IBUF
    BUFGCTRL_X0Y16       BUFG (Prop_bufg_I_O)         0.096     3.602 r  clk_IBUF_BUFG_inst/O
                         net (fo=82, routed)          1.633     5.236    u1/CLK
    SLICE_X10Y78         FDCE                                         r  u1/doppler_in_last_reg/C
  -------------------------------------------------------------------    -------------------
    SLICE_X10Y78         FDCE (Prop_fdce_C_Q)         0.478     5.714 r  u1/doppler_in_last_reg/Q
                         net (fo=34, routed)          1.182     6.896    u1/doppler_in_last
    SLICE_X10Y74         LUT3 (Prop_lut3_I1_O)        0.295     7.191 r  u1/counter[0]_i_5/O
                         net (fo=1, routed)           0.000     7.191    u1/counter[0]_i_5_n_0
    SLICE_X10Y74         CARRY4 (Prop_carry4_S[1]_CO[3])
                                                      0.533     7.724 r  u1/counter_reg[0]_i_1/CO[3]
                         net (fo=1, routed)           0.009     7.733    u1/counter_reg[0]_i_1_n_0
    SLICE_X10Y75         CARRY4 (Prop_carry4_CI_CO[3])
                                                      0.117     7.850 r  u1/counter_reg[4]_i_1/CO[3]
                         net (fo=1, routed)           0.000     7.850    u1/counter_reg[4]_i_1_n_0
    SLICE_X10Y76         CARRY4 (Prop_carry4_CI_CO[3])
                                                      0.117     7.967 r  u1/counter_reg[8]_i_1/CO[3]
                         net (fo=1, routed)           0.000     7.967    u1/counter_reg[8]_i_1_n_0
    SLICE_X10Y77         CARRY4 (Prop_carry4_CI_CO[3])
                                                      0.117     8.084 r  u1/counter_reg[12]_i_1/CO[3]
                         net (fo=1, routed)           0.000     8.084    u1/counter_reg[12]_i_1_n_0
    SLICE_X10Y78         CARRY4 (Prop_carry4_CI_CO[3])
                                                      0.117     8.201 r  u1/counter_reg[16]_i_1/CO[3]
                         net (fo=1, routed)           0.000     8.201    u1/counter_reg[16]_i_1_n_0
    SLICE_X10Y79         CARRY4 (Prop_carry4_CI_CO[3])
                                                      0.117     8.318 r  u1/counter_reg[20]_i_1/CO[3]
                         net (fo=1, routed)           0.000     8.318    u1/counter_reg[20]_i_1_n_0
    SLICE_X10Y80         CARRY4 (Prop_carry4_CI_CO[3])
                                                      0.117     8.435 r  u1/counter_reg[24]_i_1/CO[3]
                         net (fo=1, routed)           0.000     8.435    u1/counter_reg[24]_i_1_n_0
    SLICE_X10Y81         CARRY4 (Prop_carry4_CI_O[1])
                                                      0.323     8.758 r  u1/counter_reg[28]_i_1/O[1]
                         net (fo=1, routed)           0.000     8.758    u1/counter_reg[28]_i_1_n_6
    SLICE_X10Y81         FDCE                                         r  u1/counter_reg[29]/D
  -------------------------------------------------------------------    -------------------

                         (clock clk rise edge)       10.000    10.000 r  
    E3                                                0.000    10.000 r  clk (IN)
                         net (fo=0)                   0.000    10.000    clk
    E3                   IBUF (Prop_ibuf_I_O)         1.411    11.411 r  clk_IBUF_inst/O
                         net (fo=1, routed)           1.920    13.331    clk_IBUF
    BUFGCTRL_X0Y16       BUFG (Prop_bufg_I_O)         0.091    13.422 r  clk_IBUF_BUFG_inst/O
                         net (fo=82, routed)          1.517    14.940    u1/CLK
    SLICE_X10Y81         FDCE                                         r  u1/counter_reg[29]/C
                         clock pessimism              0.275    15.215    
                         clock uncertainty           -0.035    15.179    
    SLICE_X10Y81         FDCE (Setup_fdce_C_D)        0.109    15.288    u1/counter_reg[29]
  -------------------------------------------------------------------
                         required time                         15.288    
                         arrival time                          -8.758    
  -------------------------------------------------------------------
                         slack                                  6.531    

Slack (MET) :             6.539ns  (required time - arrival time)
  Source:                 u1/doppler_in_last_reg/C
                            (rising edge-triggered cell FDCE clocked by clk  {rise@0.000ns fall@5.000ns period=10.000ns})
  Destination:            u1/counter_reg[31]/D
                            (rising edge-triggered cell FDCE clocked by clk  {rise@0.000ns fall@5.000ns period=10.000ns})
  Path Group:             clk
  Path Type:              Setup (Max at Slow Process Corner)
  Requirement:            10.000ns  (clk rise@10.000ns - clk rise@0.000ns)
  Data Path Delay:        3.514ns  (logic 2.323ns (66.107%)  route 1.191ns (33.893%))
  Logic Levels:           9  (CARRY4=8 LUT3=1)
  Clock Path Skew:        -0.021ns (DCD - SCD + CPR)
    Destination Clock Delay (DCD):    4.940ns = ( 14.940 - 10.000 ) 
    Source Clock Delay      (SCD):    5.236ns
    Clock Pessimism Removal (CPR):    0.275ns
  Clock Uncertainty:      0.035ns  ((TSJ^2 + TIJ^2)^1/2 + DJ) / 2 + PE
    Total System Jitter     (TSJ):    0.071ns
    Total Input Jitter      (TIJ):    0.000ns
    Discrete Jitter          (DJ):    0.000ns
    Phase Error              (PE):    0.000ns

    Location             Delay type                Incr(ns)  Path(ns)    Netlist Resource(s)
  -------------------------------------------------------------------    -------------------
                         (clock clk rise edge)        0.000     0.000 r  
    E3                                                0.000     0.000 r  clk (IN)
                         net (fo=0)                   0.000     0.000    clk
    E3                   IBUF (Prop_ibuf_I_O)         1.482     1.482 r  clk_IBUF_inst/O
                         net (fo=1, routed)           2.025     3.506    clk_IBUF
    BUFGCTRL_X0Y16       BUFG (Prop_bufg_I_O)         0.096     3.602 r  clk_IBUF_BUFG_inst/O
                         net (fo=82, routed)          1.633     5.236    u1/CLK
    SLICE_X10Y78         FDCE                                         r  u1/doppler_in_last_reg/C
  -------------------------------------------------------------------    -------------------
    SLICE_X10Y78         FDCE (Prop_fdce_C_Q)         0.478     5.714 r  u1/doppler_in_last_reg/Q
                         net (fo=34, routed)          1.182     6.896    u1/doppler_in_last
    SLICE_X10Y74         LUT3 (Prop_lut3_I1_O)        0.295     7.191 r  u1/counter[0]_i_5/O
                         net (fo=1, routed)           0.000     7.191    u1/counter[0]_i_5_n_0
    SLICE_X10Y74         CARRY4 (Prop_carry4_S[1]_CO[3])
                                                      0.533     7.724 r  u1/counter_reg[0]_i_1/CO[3]
                         net (fo=1, routed)           0.009     7.733    u1/counter_reg[0]_i_1_n_0
    SLICE_X10Y75         CARRY4 (Prop_carry4_CI_CO[3])
                                                      0.117     7.850 r  u1/counter_reg[4]_i_1/CO[3]
                         net (fo=1, routed)           0.000     7.850    u1/counter_reg[4]_i_1_n_0
    SLICE_X10Y76         CARRY4 (Prop_carry4_CI_CO[3])
                                                      0.117     7.967 r  u1/counter_reg[8]_i_1/CO[3]
                         net (fo=1, routed)           0.000     7.967    u1/counter_reg[8]_i_1_n_0
    SLICE_X10Y77         CARRY4 (Prop_carry4_CI_CO[3])
                                                      0.117     8.084 r  u1/counter_reg[12]_i_1/CO[3]
                         net (fo=1, routed)           0.000     8.084    u1/counter_reg[12]_i_1_n_0
    SLICE_X10Y78         CARRY4 (Prop_carry4_CI_CO[3])
                                                      0.117     8.201 r  u1/counter_reg[16]_i_1/CO[3]
                         net (fo=1, routed)           0.000     8.201    u1/counter_reg[16]_i_1_n_0
    SLICE_X10Y79         CARRY4 (Prop_carry4_CI_CO[3])
                                                      0.117     8.318 r  u1/counter_reg[20]_i_1/CO[3]
                         net (fo=1, routed)           0.000     8.318    u1/counter_reg[20]_i_1_n_0
    SLICE_X10Y80         CARRY4 (Prop_carry4_CI_CO[3])
                                                      0.117     8.435 r  u1/counter_reg[24]_i_1/CO[3]
                         net (fo=1, routed)           0.000     8.435    u1/counter_reg[24]_i_1_n_0
    SLICE_X10Y81         CARRY4 (Prop_carry4_CI_O[3])
                                                      0.315     8.750 r  u1/counter_reg[28]_i_1/O[3]
                         net (fo=1, routed)           0.000     8.750    u1/counter_reg[28]_i_1_n_4
    SLICE_X10Y81         FDCE                                         r  u1/counter_reg[31]/D
  -------------------------------------------------------------------    -------------------

                         (clock clk rise edge)       10.000    10.000 r  
    E3                                                0.000    10.000 r  clk (IN)
                         net (fo=0)                   0.000    10.000    clk
    E3                   IBUF (Prop_ibuf_I_O)         1.411    11.411 r  clk_IBUF_inst/O
                         net (fo=1, routed)           1.920    13.331    clk_IBUF
    BUFGCTRL_X0Y16       BUFG (Prop_bufg_I_O)         0.091    13.422 r  clk_IBUF_BUFG_inst/O
                         net (fo=82, routed)          1.517    14.940    u1/CLK
    SLICE_X10Y81         FDCE                                         r  u1/counter_reg[31]/C
                         clock pessimism              0.275    15.215    
                         clock uncertainty           -0.035    15.179    
    SLICE_X10Y81         FDCE (Setup_fdce_C_D)        0.109    15.288    u1/counter_reg[31]
  -------------------------------------------------------------------
                         required time                         15.288    
                         arrival time                          -8.750    
  -------------------------------------------------------------------
                         slack                                  6.539    

Slack (MET) :             6.615ns  (required time - arrival time)
  Source:                 u1/doppler_in_last_reg/C
                            (rising edge-triggered cell FDCE clocked by clk  {rise@0.000ns fall@5.000ns period=10.000ns})
  Destination:            u1/counter_reg[30]/D
                            (rising edge-triggered cell FDCE clocked by clk  {rise@0.000ns fall@5.000ns period=10.000ns})
  Path Group:             clk
  Path Type:              Setup (Max at Slow Process Corner)
  Requirement:            10.000ns  (clk rise@10.000ns - clk rise@0.000ns)
  Data Path Delay:        3.438ns  (logic 2.247ns (65.358%)  route 1.191ns (34.642%))
  Logic Levels:           9  (CARRY4=8 LUT3=1)
  Clock Path Skew:        -0.021ns (DCD - SCD + CPR)
    Destination Clock Delay (DCD):    4.940ns = ( 14.940 - 10.000 ) 
    Source Clock Delay      (SCD):    5.236ns
    Clock Pessimism Removal (CPR):    0.275ns
  Clock Uncertainty:      0.035ns  ((TSJ^2 + TIJ^2)^1/2 + DJ) / 2 + PE
    Total System Jitter     (TSJ):    0.071ns
    Total Input Jitter      (TIJ):    0.000ns
    Discrete Jitter          (DJ):    0.000ns
    Phase Error              (PE):    0.000ns

    Location             Delay type                Incr(ns)  Path(ns)    Netlist Resource(s)
  -------------------------------------------------------------------    -------------------
                         (clock clk rise edge)        0.000     0.000 r  
    E3                                                0.000     0.000 r  clk (IN)
                         net (fo=0)                   0.000     0.000    clk
    E3                   IBUF (Prop_ibuf_I_O)         1.482     1.482 r  clk_IBUF_inst/O
                         net (fo=1, routed)           2.025     3.506    clk_IBUF
    BUFGCTRL_X0Y16       BUFG (Prop_bufg_I_O)         0.096     3.602 r  clk_IBUF_BUFG_inst/O
                         net (fo=82, routed)          1.633     5.236    u1/CLK
    SLICE_X10Y78         FDCE                                         r  u1/doppler_in_last_reg/C
  -------------------------------------------------------------------    -------------------
    SLICE_X10Y78         FDCE (Prop_fdce_C_Q)         0.478     5.714 r  u1/doppler_in_last_reg/Q
                         net (fo=34, routed)          1.182     6.896    u1/doppler_in_last
    SLICE_X10Y74         LUT3 (Prop_lut3_I1_O)        0.295     7.191 r  u1/counter[0]_i_5/O
                         net (fo=1, routed)           0.000     7.191    u1/counter[0]_i_5_n_0
    SLICE_X10Y74         CARRY4 (Prop_carry4_S[1]_CO[3])
                                                      0.533     7.724 r  u1/counter_reg[0]_i_1/CO[3]
                         net (fo=1, routed)           0.009     7.733    u1/counter_reg[0]_i_1_n_0
    SLICE_X10Y75         CARRY4 (Prop_carry4_CI_CO[3])
                                                      0.117     7.850 r  u1/counter_reg[4]_i_1/CO[3]
                         net (fo=1, routed)           0.000     7.850    u1/counter_reg[4]_i_1_n_0
    SLICE_X10Y76         CARRY4 (Prop_carry4_CI_CO[3])
                                                      0.117     7.967 r  u1/counter_reg[8]_i_1/CO[3]
                         net (fo=1, routed)           0.000     7.967    u1/counter_reg[8]_i_1_n_0
    SLICE_X10Y77         CARRY4 (Prop_carry4_CI_CO[3])
                                                      0.117     8.084 r  u1/counter_reg[12]_i_1/CO[3]
                         net (fo=1, routed)           0.000     8.084    u1/counter_reg[12]_i_1_n_0
    SLICE_X10Y78         CARRY4 (Prop_carry4_CI_CO[3])
                                                      0.117     8.201 r  u1/counter_reg[16]_i_1/CO[3]
                         net (fo=1, routed)           0.000     8.201    u1/counter_reg[16]_i_1_n_0
    SLICE_X10Y79         CARRY4 (Prop_carry4_CI_CO[3])
                                                      0.117     8.318 r  u1/counter_reg[20]_i_1/CO[3]
                         net (fo=1, routed)           0.000     8.318    u1/counter_reg[20]_i_1_n_0
    SLICE_X10Y80         CARRY4 (Prop_carry4_CI_CO[3])
                                                      0.117     8.435 r  u1/counter_reg[24]_i_1/CO[3]
                         net (fo=1, routed)           0.000     8.435    u1/counter_reg[24]_i_1_n_0
    SLICE_X10Y81         CARRY4 (Prop_carry4_CI_O[2])
                                                      0.239     8.674 r  u1/counter_reg[28]_i_1/O[2]
                         net (fo=1, routed)           0.000     8.674    u1/counter_reg[28]_i_1_n_5
    SLICE_X10Y81         FDCE                                         r  u1/counter_reg[30]/D
  -------------------------------------------------------------------    -------------------

                         (clock clk rise edge)       10.000    10.000 r  
    E3                                                0.000    10.000 r  clk (IN)
                         net (fo=0)                   0.000    10.000    clk
    E3                   IBUF (Prop_ibuf_I_O)         1.411    11.411 r  clk_IBUF_inst/O
                         net (fo=1, routed)           1.920    13.331    clk_IBUF
    BUFGCTRL_X0Y16       BUFG (Prop_bufg_I_O)         0.091    13.422 r  clk_IBUF_BUFG_inst/O
                         net (fo=82, routed)          1.517    14.940    u1/CLK
    SLICE_X10Y81         FDCE                                         r  u1/counter_reg[30]/C
                         clock pessimism              0.275    15.215    
                         clock uncertainty           -0.035    15.179    
    SLICE_X10Y81         FDCE (Setup_fdce_C_D)        0.109    15.288    u1/counter_reg[30]
  -------------------------------------------------------------------
                         required time                         15.288    
                         arrival time                          -8.674    
  -------------------------------------------------------------------
                         slack                                  6.615    

Slack (MET) :             6.635ns  (required time - arrival time)
  Source:                 u1/doppler_in_last_reg/C
                            (rising edge-triggered cell FDCE clocked by clk  {rise@0.000ns fall@5.000ns period=10.000ns})
  Destination:            u1/counter_reg[28]/D
                            (rising edge-triggered cell FDCE clocked by clk  {rise@0.000ns fall@5.000ns period=10.000ns})
  Path Group:             clk
  Path Type:              Setup (Max at Slow Process Corner)
  Requirement:            10.000ns  (clk rise@10.000ns - clk rise@0.000ns)
  Data Path Delay:        3.418ns  (logic 2.227ns (65.155%)  route 1.191ns (34.845%))
  Logic Levels:           9  (CARRY4=8 LUT3=1)
  Clock Path Skew:        -0.021ns (DCD - SCD + CPR)
    Destination Clock Delay (DCD):    4.940ns = ( 14.940 - 10.000 ) 
    Source Clock Delay      (SCD):    5.236ns
    Clock Pessimism Removal (CPR):    0.275ns
  Clock Uncertainty:      0.035ns  ((TSJ^2 + TIJ^2)^1/2 + DJ) / 2 + PE
    Total System Jitter     (TSJ):    0.071ns
    Total Input Jitter      (TIJ):    0.000ns
    Discrete Jitter          (DJ):    0.000ns
    Phase Error              (PE):    0.000ns

    Location             Delay type                Incr(ns)  Path(ns)    Netlist Resource(s)
  -------------------------------------------------------------------    -------------------
                         (clock clk rise edge)        0.000     0.000 r  
    E3                                                0.000     0.000 r  clk (IN)
                         net (fo=0)                   0.000     0.000    clk
    E3                   IBUF (Prop_ibuf_I_O)         1.482     1.482 r  clk_IBUF_inst/O
                         net (fo=1, routed)           2.025     3.506    clk_IBUF
    BUFGCTRL_X0Y16       BUFG (Prop_bufg_I_O)         0.096     3.602 r  clk_IBUF_BUFG_inst/O
                         net (fo=82, routed)          1.633     5.236    u1/CLK
    SLICE_X10Y78         FDCE                                         r  u1/doppler_in_last_reg/C
  -------------------------------------------------------------------    -------------------
    SLICE_X10Y78         FDCE (Prop_fdce_C_Q)         0.478     5.714 r  u1/doppler_in_last_reg/Q
                         net (fo=34, routed)          1.182     6.896    u1/doppler_in_last
    SLICE_X10Y74         LUT3 (Prop_lut3_I1_O)        0.295     7.191 r  u1/counter[0]_i_5/O
                         net (fo=1, routed)           0.000     7.191    u1/counter[0]_i_5_n_0
    SLICE_X10Y74         CARRY4 (Prop_carry4_S[1]_CO[3])
                                                      0.533     7.724 r  u1/counter_reg[0]_i_1/CO[3]
                         net (fo=1, routed)           0.009     7.733    u1/counter_reg[0]_i_1_n_0
    SLICE_X10Y75         CARRY4 (Prop_carry4_CI_CO[3])
                                                      0.117     7.850 r  u1/counter_reg[4]_i_1/CO[3]
                         net (fo=1, routed)           0.000     7.850    u1/counter_reg[4]_i_1_n_0
    SLICE_X10Y76         CARRY4 (Prop_carry4_CI_CO[3])
                                                      0.117     7.967 r  u1/counter_reg[8]_i_1/CO[3]
                         net (fo=1, routed)           0.000     7.967    u1/counter_reg[8]_i_1_n_0
    SLICE_X10Y77         CARRY4 (Prop_carry4_CI_CO[3])
                                                      0.117     8.084 r  u1/counter_reg[12]_i_1/CO[3]
                         net (fo=1, routed)           0.000     8.084    u1/counter_reg[12]_i_1_n_0
    SLICE_X10Y78         CARRY4 (Prop_carry4_CI_CO[3])
                                                      0.117     8.201 r  u1/counter_reg[16]_i_1/CO[3]
                         net (fo=1, routed)           0.000     8.201    u1/counter_reg[16]_i_1_n_0
    SLICE_X10Y79         CARRY4 (Prop_carry4_CI_CO[3])
                                                      0.117     8.318 r  u1/counter_reg[20]_i_1/CO[3]
                         net (fo=1, routed)           0.000     8.318    u1/counter_reg[20]_i_1_n_0
    SLICE_X10Y80         CARRY4 (Prop_carry4_CI_CO[3])
                                                      0.117     8.435 r  u1/counter_reg[24]_i_1/CO[3]
                         net (fo=1, routed)           0.000     8.435    u1/counter_reg[24]_i_1_n_0
    SLICE_X10Y81         CARRY4 (Prop_carry4_CI_O[0])
                                                      0.219     8.654 r  u1/counter_reg[28]_i_1/O[0]
                         net (fo=1, routed)           0.000     8.654    u1/counter_reg[28]_i_1_n_7
    SLICE_X10Y81         FDCE                                         r  u1/counter_reg[28]/D
  -------------------------------------------------------------------    -------------------

                         (clock clk rise edge)       10.000    10.000 r  
    E3                                                0.000    10.000 r  clk (IN)
                         net (fo=0)                   0.000    10.000    clk
    E3                   IBUF (Prop_ibuf_I_O)         1.411    11.411 r  clk_IBUF_inst/O
                         net (fo=1, routed)           1.920    13.331    clk_IBUF
    BUFGCTRL_X0Y16       BUFG (Prop_bufg_I_O)         0.091    13.422 r  clk_IBUF_BUFG_inst/O
                         net (fo=82, routed)          1.517    14.940    u1/CLK
    SLICE_X10Y81         FDCE                                         r  u1/counter_reg[28]/C
                         clock pessimism              0.275    15.215    
                         clock uncertainty           -0.035    15.179    
    SLICE_X10Y81         FDCE (Setup_fdce_C_D)        0.109    15.288    u1/counter_reg[28]
  -------------------------------------------------------------------
                         required time                         15.288    
                         arrival time                          -8.654    
  -------------------------------------------------------------------
                         slack                                  6.635    

Slack (MET) :             6.647ns  (required time - arrival time)
  Source:                 u1/doppler_in_last_reg/C
                            (rising edge-triggered cell FDCE clocked by clk  {rise@0.000ns fall@5.000ns period=10.000ns})
  Destination:            u1/counter_reg[25]/D
                            (rising edge-triggered cell FDCE clocked by clk  {rise@0.000ns fall@5.000ns period=10.000ns})
  Path Group:             clk
  Path Type:              Setup (Max at Slow Process Corner)
  Requirement:            10.000ns  (clk rise@10.000ns - clk rise@0.000ns)
  Data Path Delay:        3.405ns  (logic 2.214ns (65.022%)  route 1.191ns (34.978%))
  Logic Levels:           8  (CARRY4=7 LUT3=1)
  Clock Path Skew:        -0.022ns (DCD - SCD + CPR)
    Destination Clock Delay (DCD):    4.939ns = ( 14.939 - 10.000 ) 
    Source Clock Delay      (SCD):    5.236ns
    Clock Pessimism Removal (CPR):    0.275ns
  Clock Uncertainty:      0.035ns  ((TSJ^2 + TIJ^2)^1/2 + DJ) / 2 + PE
    Total System Jitter     (TSJ):    0.071ns
    Total Input Jitter      (TIJ):    0.000ns
    Discrete Jitter          (DJ):    0.000ns
    Phase Error              (PE):    0.000ns

    Location             Delay type                Incr(ns)  Path(ns)    Netlist Resource(s)
  -------------------------------------------------------------------    -------------------
                         (clock clk rise edge)        0.000     0.000 r  
    E3                                                0.000     0.000 r  clk (IN)
                         net (fo=0)                   0.000     0.000    clk
    E3                   IBUF (Prop_ibuf_I_O)         1.482     1.482 r  clk_IBUF_inst/O
                         net (fo=1, routed)           2.025     3.506    clk_IBUF
    BUFGCTRL_X0Y16       BUFG (Prop_bufg_I_O)         0.096     3.602 r  clk_IBUF_BUFG_inst/O
                         net (fo=82, routed)          1.633     5.236    u1/CLK
    SLICE_X10Y78         FDCE                                         r  u1/doppler_in_last_reg/C
  -------------------------------------------------------------------    -------------------
    SLICE_X10Y78         FDCE (Prop_fdce_C_Q)         0.478     5.714 r  u1/doppler_in_last_reg/Q
                         net (fo=34, routed)          1.182     6.896    u1/doppler_in_last
    SLICE_X10Y74         LUT3 (Prop_lut3_I1_O)        0.295     7.191 r  u1/counter[0]_i_5/O
                         net (fo=1, routed)           0.000     7.191    u1/counter[0]_i_5_n_0
    SLICE_X10Y74         CARRY4 (Prop_carry4_S[1]_CO[3])
                                                      0.533     7.724 r  u1/counter_reg[0]_i_1/CO[3]
                         net (fo=1, routed)           0.009     7.733    u1/counter_reg[0]_i_1_n_0
    SLICE_X10Y75         CARRY4 (Prop_carry4_CI_CO[3])
                                                      0.117     7.850 r  u1/counter_reg[4]_i_1/CO[3]
                         net (fo=1, routed)           0.000     7.850    u1/counter_reg[4]_i_1_n_0
    SLICE_X10Y76         CARRY4 (Prop_carry4_CI_CO[3])
                                                      0.117     7.967 r  u1/counter_reg[8]_i_1/CO[3]
                         net (fo=1, routed)           0.000     7.967    u1/counter_reg[8]_i_1_n_0
    SLICE_X10Y77         CARRY4 (Prop_carry4_CI_CO[3])
                                                      0.117     8.084 r  u1/counter_reg[12]_i_1/CO[3]
                         net (fo=1, routed)           0.000     8.084    u1/counter_reg[12]_i_1_n_0
    SLICE_X10Y78         CARRY4 (Prop_carry4_CI_CO[3])
                                                      0.117     8.201 r  u1/counter_reg[16]_i_1/CO[3]
                         net (fo=1, routed)           0.000     8.201    u1/counter_reg[16]_i_1_n_0
    SLICE_X10Y79         CARRY4 (Prop_carry4_CI_CO[3])
                                                      0.117     8.318 r  u1/counter_reg[20]_i_1/CO[3]
                         net (fo=1, routed)           0.000     8.318    u1/counter_reg[20]_i_1_n_0
    SLICE_X10Y80         CARRY4 (Prop_carry4_CI_O[1])
                                                      0.323     8.641 r  u1/counter_reg[24]_i_1/O[1]
                         net (fo=1, routed)           0.000     8.641    u1/counter_reg[24]_i_1_n_6
    SLICE_X10Y80         FDCE                                         r  u1/counter_reg[25]/D
  -------------------------------------------------------------------    -------------------

                         (clock clk rise edge)       10.000    10.000 r  
    E3                                                0.000    10.000 r  clk (IN)
                         net (fo=0)                   0.000    10.000    clk
    E3                   IBUF (Prop_ibuf_I_O)         1.411    11.411 r  clk_IBUF_inst/O
                         net (fo=1, routed)           1.920    13.331    clk_IBUF
    BUFGCTRL_X0Y16       BUFG (Prop_bufg_I_O)         0.091    13.422 r  clk_IBUF_BUFG_inst/O
                         net (fo=82, routed)          1.516    14.939    u1/CLK
    SLICE_X10Y80         FDCE                                         r  u1/counter_reg[25]/C
                         clock pessimism              0.275    15.214    
                         clock uncertainty           -0.035    15.178    
    SLICE_X10Y80         FDCE (Setup_fdce_C_D)        0.109    15.287    u1/counter_reg[25]
  -------------------------------------------------------------------
                         required time                         15.287    
                         arrival time                          -8.641    
  -------------------------------------------------------------------
                         slack                                  6.647    

Slack (MET) :             6.655ns  (required time - arrival time)
  Source:                 u1/doppler_in_last_reg/C
                            (rising edge-triggered cell FDCE clocked by clk  {rise@0.000ns fall@5.000ns period=10.000ns})
  Destination:            u1/counter_reg[27]/D
                            (rising edge-triggered cell FDCE clocked by clk  {rise@0.000ns fall@5.000ns period=10.000ns})
  Path Group:             clk
  Path Type:              Setup (Max at Slow Process Corner)
  Requirement:            10.000ns  (clk rise@10.000ns - clk rise@0.000ns)
  Data Path Delay:        3.397ns  (logic 2.206ns (64.940%)  route 1.191ns (35.060%))
  Logic Levels:           8  (CARRY4=7 LUT3=1)
  Clock Path Skew:        -0.022ns (DCD - SCD + CPR)
    Destination Clock Delay (DCD):    4.939ns = ( 14.939 - 10.000 ) 
    Source Clock Delay      (SCD):    5.236ns
    Clock Pessimism Removal (CPR):    0.275ns
  Clock Uncertainty:      0.035ns  ((TSJ^2 + TIJ^2)^1/2 + DJ) / 2 + PE
    Total System Jitter     (TSJ):    0.071ns
    Total Input Jitter      (TIJ):    0.000ns
    Discrete Jitter          (DJ):    0.000ns
    Phase Error              (PE):    0.000ns

    Location             Delay type                Incr(ns)  Path(ns)    Netlist Resource(s)
  -------------------------------------------------------------------    -------------------
                         (clock clk rise edge)        0.000     0.000 r  
    E3                                                0.000     0.000 r  clk (IN)
                         net (fo=0)                   0.000     0.000    clk
    E3                   IBUF (Prop_ibuf_I_O)         1.482     1.482 r  clk_IBUF_inst/O
                         net (fo=1, routed)           2.025     3.506    clk_IBUF
    BUFGCTRL_X0Y16       BUFG (Prop_bufg_I_O)         0.096     3.602 r  clk_IBUF_BUFG_inst/O
                         net (fo=82, routed)          1.633     5.236    u1/CLK
    SLICE_X10Y78         FDCE                                         r  u1/doppler_in_last_reg/C
  -------------------------------------------------------------------    -------------------
    SLICE_X10Y78         FDCE (Prop_fdce_C_Q)         0.478     5.714 r  u1/doppler_in_last_reg/Q
                         net (fo=34, routed)          1.182     6.896    u1/doppler_in_last
    SLICE_X10Y74         LUT3 (Prop_lut3_I1_O)        0.295     7.191 r  u1/counter[0]_i_5/O
                         net (fo=1, routed)           0.000     7.191    u1/counter[0]_i_5_n_0
    SLICE_X10Y74         CARRY4 (Prop_carry4_S[1]_CO[3])
                                                      0.533     7.724 r  u1/counter_reg[0]_i_1/CO[3]
                         net (fo=1, routed)           0.009     7.733    u1/counter_reg[0]_i_1_n_0
    SLICE_X10Y75         CARRY4 (Prop_carry4_CI_CO[3])
                                                      0.117     7.850 r  u1/counter_reg[4]_i_1/CO[3]
                         net (fo=1, routed)           0.000     7.850    u1/counter_reg[4]_i_1_n_0
    SLICE_X10Y76         CARRY4 (Prop_carry4_CI_CO[3])
                                                      0.117     7.967 r  u1/counter_reg[8]_i_1/CO[3]
                         net (fo=1, routed)           0.000     7.967    u1/counter_reg[8]_i_1_n_0
    SLICE_X10Y77         CARRY4 (Prop_carry4_CI_CO[3])
                                                      0.117     8.084 r  u1/counter_reg[12]_i_1/CO[3]
                         net (fo=1, routed)           0.000     8.084    u1/counter_reg[12]_i_1_n_0
    SLICE_X10Y78         CARRY4 (Prop_carry4_CI_CO[3])
                                                      0.117     8.201 r  u1/counter_reg[16]_i_1/CO[3]
                         net (fo=1, routed)           0.000     8.201    u1/counter_reg[16]_i_1_n_0
    SLICE_X10Y79         CARRY4 (Prop_carry4_CI_CO[3])
                                                      0.117     8.318 r  u1/counter_reg[20]_i_1/CO[3]
                         net (fo=1, routed)           0.000     8.318    u1/counter_reg[20]_i_1_n_0
    SLICE_X10Y80         CARRY4 (Prop_carry4_CI_O[3])
                                                      0.315     8.633 r  u1/counter_reg[24]_i_1/O[3]
                         net (fo=1, routed)           0.000     8.633    u1/counter_reg[24]_i_1_n_4
    SLICE_X10Y80         FDCE                                         r  u1/counter_reg[27]/D
  -------------------------------------------------------------------    -------------------

                         (clock clk rise edge)       10.000    10.000 r  
    E3                                                0.000    10.000 r  clk (IN)
                         net (fo=0)                   0.000    10.000    clk
    E3                   IBUF (Prop_ibuf_I_O)         1.411    11.411 r  clk_IBUF_inst/O
                         net (fo=1, routed)           1.920    13.331    clk_IBUF
    BUFGCTRL_X0Y16       BUFG (Prop_bufg_I_O)         0.091    13.422 r  clk_IBUF_BUFG_inst/O
                         net (fo=82, routed)          1.516    14.939    u1/CLK
    SLICE_X10Y80         FDCE                                         r  u1/counter_reg[27]/C
                         clock pessimism              0.275    15.214    
                         clock uncertainty           -0.035    15.178    
    SLICE_X10Y80         FDCE (Setup_fdce_C_D)        0.109    15.287    u1/counter_reg[27]
  -------------------------------------------------------------------
                         required time                         15.287    
                         arrival time                          -8.633    
  -------------------------------------------------------------------
                         slack                                  6.655    

Slack (MET) :             6.731ns  (required time - arrival time)
  Source:                 u1/doppler_in_last_reg/C
                            (rising edge-triggered cell FDCE clocked by clk  {rise@0.000ns fall@5.000ns period=10.000ns})
  Destination:            u1/counter_reg[26]/D
                            (rising edge-triggered cell FDCE clocked by clk  {rise@0.000ns fall@5.000ns period=10.000ns})
  Path Group:             clk
  Path Type:              Setup (Max at Slow Process Corner)
  Requirement:            10.000ns  (clk rise@10.000ns - clk rise@0.000ns)
  Data Path Delay:        3.321ns  (logic 2.130ns (64.138%)  route 1.191ns (35.862%))
  Logic Levels:           8  (CARRY4=7 LUT3=1)
  Clock Path Skew:        -0.022ns (DCD - SCD + CPR)
    Destination Clock Delay (DCD):    4.939ns = ( 14.939 - 10.000 ) 
    Source Clock Delay      (SCD):    5.236ns
    Clock Pessimism Removal (CPR):    0.275ns
  Clock Uncertainty:      0.035ns  ((TSJ^2 + TIJ^2)^1/2 + DJ) / 2 + PE
    Total System Jitter     (TSJ):    0.071ns
    Total Input Jitter      (TIJ):    0.000ns
    Discrete Jitter          (DJ):    0.000ns
    Phase Error              (PE):    0.000ns

    Location             Delay type                Incr(ns)  Path(ns)    Netlist Resource(s)
  -------------------------------------------------------------------    -------------------
                         (clock clk rise edge)        0.000     0.000 r  
    E3                                                0.000     0.000 r  clk (IN)
                         net (fo=0)                   0.000     0.000    clk
    E3                   IBUF (Prop_ibuf_I_O)         1.482     1.482 r  clk_IBUF_inst/O
                         net (fo=1, routed)           2.025     3.506    clk_IBUF
    BUFGCTRL_X0Y16       BUFG (Prop_bufg_I_O)         0.096     3.602 r  clk_IBUF_BUFG_inst/O
                         net (fo=82, routed)          1.633     5.236    u1/CLK
    SLICE_X10Y78         FDCE                                         r  u1/doppler_in_last_reg/C
  -------------------------------------------------------------------    -------------------
    SLICE_X10Y78         FDCE (Prop_fdce_C_Q)         0.478     5.714 r  u1/doppler_in_last_reg/Q
                         net (fo=34, routed)          1.182     6.896    u1/doppler_in_last
    SLICE_X10Y74         LUT3 (Prop_lut3_I1_O)        0.295     7.191 r  u1/counter[0]_i_5/O
                         net (fo=1, routed)           0.000     7.191    u1/counter[0]_i_5_n_0
    SLICE_X10Y74         CARRY4 (Prop_carry4_S[1]_CO[3])
                                                      0.533     7.724 r  u1/counter_reg[0]_i_1/CO[3]
                         net (fo=1, routed)           0.009     7.733    u1/counter_reg[0]_i_1_n_0
    SLICE_X10Y75         CARRY4 (Prop_carry4_CI_CO[3])
                                                      0.117     7.850 r  u1/counter_reg[4]_i_1/CO[3]
                         net (fo=1, routed)           0.000     7.850    u1/counter_reg[4]_i_1_n_0
    SLICE_X10Y76         CARRY4 (Prop_carry4_CI_CO[3])
                                                      0.117     7.967 r  u1/counter_reg[8]_i_1/CO[3]
                         net (fo=1, routed)           0.000     7.967    u1/counter_reg[8]_i_1_n_0
    SLICE_X10Y77         CARRY4 (Prop_carry4_CI_CO[3])
                                                      0.117     8.084 r  u1/counter_reg[12]_i_1/CO[3]
                         net (fo=1, routed)           0.000     8.084    u1/counter_reg[12]_i_1_n_0
    SLICE_X10Y78         CARRY4 (Prop_carry4_CI_CO[3])
                                                      0.117     8.201 r  u1/counter_reg[16]_i_1/CO[3]
                         net (fo=1, routed)           0.000     8.201    u1/counter_reg[16]_i_1_n_0
    SLICE_X10Y79         CARRY4 (Prop_carry4_CI_CO[3])
                                                      0.117     8.318 r  u1/counter_reg[20]_i_1/CO[3]
                         net (fo=1, routed)           0.000     8.318    u1/counter_reg[20]_i_1_n_0
    SLICE_X10Y80         CARRY4 (Prop_carry4_CI_O[2])
                                                      0.239     8.557 r  u1/counter_reg[24]_i_1/O[2]
                         net (fo=1, routed)           0.000     8.557    u1/counter_reg[24]_i_1_n_5
    SLICE_X10Y80         FDCE                                         r  u1/counter_reg[26]/D
  -------------------------------------------------------------------    -------------------

                         (clock clk rise edge)       10.000    10.000 r  
    E3                                                0.000    10.000 r  clk (IN)
                         net (fo=0)                   0.000    10.000    clk
    E3                   IBUF (Prop_ibuf_I_O)         1.411    11.411 r  clk_IBUF_inst/O
                         net (fo=1, routed)           1.920    13.331    clk_IBUF
    BUFGCTRL_X0Y16       BUFG (Prop_bufg_I_O)         0.091    13.422 r  clk_IBUF_BUFG_inst/O
                         net (fo=82, routed)          1.516    14.939    u1/CLK
    SLICE_X10Y80         FDCE                                         r  u1/counter_reg[26]/C
                         clock pessimism              0.275    15.214    
                         clock uncertainty           -0.035    15.178    
    SLICE_X10Y80         FDCE (Setup_fdce_C_D)        0.109    15.287    u1/counter_reg[26]
  -------------------------------------------------------------------
                         required time                         15.287    
                         arrival time                          -8.557    
  -------------------------------------------------------------------
                         slack                                  6.731    

Slack (MET) :             6.751ns  (required time - arrival time)
  Source:                 u1/doppler_in_last_reg/C
                            (rising edge-triggered cell FDCE clocked by clk  {rise@0.000ns fall@5.000ns period=10.000ns})
  Destination:            u1/counter_reg[24]/D
                            (rising edge-triggered cell FDCE clocked by clk  {rise@0.000ns fall@5.000ns period=10.000ns})
  Path Group:             clk
  Path Type:              Setup (Max at Slow Process Corner)
  Requirement:            10.000ns  (clk rise@10.000ns - clk rise@0.000ns)
  Data Path Delay:        3.301ns  (logic 2.110ns (63.920%)  route 1.191ns (36.080%))
  Logic Levels:           8  (CARRY4=7 LUT3=1)
  Clock Path Skew:        -0.022ns (DCD - SCD + CPR)
    Destination Clock Delay (DCD):    4.939ns = ( 14.939 - 10.000 ) 
    Source Clock Delay      (SCD):    5.236ns
    Clock Pessimism Removal (CPR):    0.275ns
  Clock Uncertainty:      0.035ns  ((TSJ^2 + TIJ^2)^1/2 + DJ) / 2 + PE
    Total System Jitter     (TSJ):    0.071ns
    Total Input Jitter      (TIJ):    0.000ns
    Discrete Jitter          (DJ):    0.000ns
    Phase Error              (PE):    0.000ns

    Location             Delay type                Incr(ns)  Path(ns)    Netlist Resource(s)
  -------------------------------------------------------------------    -------------------
                         (clock clk rise edge)        0.000     0.000 r  
    E3                                                0.000     0.000 r  clk (IN)
                         net (fo=0)                   0.000     0.000    clk
    E3                   IBUF (Prop_ibuf_I_O)         1.482     1.482 r  clk_IBUF_inst/O
                         net (fo=1, routed)           2.025     3.506    clk_IBUF
    BUFGCTRL_X0Y16       BUFG (Prop_bufg_I_O)         0.096     3.602 r  clk_IBUF_BUFG_inst/O
                         net (fo=82, routed)          1.633     5.236    u1/CLK
    SLICE_X10Y78         FDCE                                         r  u1/doppler_in_last_reg/C
  -------------------------------------------------------------------    -------------------
    SLICE_X10Y78         FDCE (Prop_fdce_C_Q)         0.478     5.714 r  u1/doppler_in_last_reg/Q
                         net (fo=34, routed)          1.182     6.896    u1/doppler_in_last
    SLICE_X10Y74         LUT3 (Prop_lut3_I1_O)        0.295     7.191 r  u1/counter[0]_i_5/O
                         net (fo=1, routed)           0.000     7.191    u1/counter[0]_i_5_n_0
    SLICE_X10Y74         CARRY4 (Prop_carry4_S[1]_CO[3])
                                                      0.533     7.724 r  u1/counter_reg[0]_i_1/CO[3]
                         net (fo=1, routed)           0.009     7.733    u1/counter_reg[0]_i_1_n_0
    SLICE_X10Y75         CARRY4 (Prop_carry4_CI_CO[3])
                                                      0.117     7.850 r  u1/counter_reg[4]_i_1/CO[3]
                         net (fo=1, routed)           0.000     7.850    u1/counter_reg[4]_i_1_n_0
    SLICE_X10Y76         CARRY4 (Prop_carry4_CI_CO[3])
                                                      0.117     7.967 r  u1/counter_reg[8]_i_1/CO[3]
                         net (fo=1, routed)           0.000     7.967    u1/counter_reg[8]_i_1_n_0
    SLICE_X10Y77         CARRY4 (Prop_carry4_CI_CO[3])
                                                      0.117     8.084 r  u1/counter_reg[12]_i_1/CO[3]
                         net (fo=1, routed)           0.000     8.084    u1/counter_reg[12]_i_1_n_0
    SLICE_X10Y78         CARRY4 (Prop_carry4_CI_CO[3])
                                                      0.117     8.201 r  u1/counter_reg[16]_i_1/CO[3]
                         net (fo=1, routed)           0.000     8.201    u1/counter_reg[16]_i_1_n_0
    SLICE_X10Y79         CARRY4 (Prop_carry4_CI_CO[3])
                                                      0.117     8.318 r  u1/counter_reg[20]_i_1/CO[3]
                         net (fo=1, routed)           0.000     8.318    u1/counter_reg[20]_i_1_n_0
    SLICE_X10Y80         CARRY4 (Prop_carry4_CI_O[0])
                                                      0.219     8.537 r  u1/counter_reg[24]_i_1/O[0]
                         net (fo=1, routed)           0.000     8.537    u1/counter_reg[24]_i_1_n_7
    SLICE_X10Y80         FDCE                                         r  u1/counter_reg[24]/D
  -------------------------------------------------------------------    -------------------

                         (clock clk rise edge)       10.000    10.000 r  
    E3                                                0.000    10.000 r  clk (IN)
                         net (fo=0)                   0.000    10.000    clk
    E3                   IBUF (Prop_ibuf_I_O)         1.411    11.411 r  clk_IBUF_inst/O
                         net (fo=1, routed)           1.920    13.331    clk_IBUF
    BUFGCTRL_X0Y16       BUFG (Prop_bufg_I_O)         0.091    13.422 r  clk_IBUF_BUFG_inst/O
                         net (fo=82, routed)          1.516    14.939    u1/CLK
    SLICE_X10Y80         FDCE                                         r  u1/counter_reg[24]/C
                         clock pessimism              0.275    15.214    
                         clock uncertainty           -0.035    15.178    
    SLICE_X10Y80         FDCE (Setup_fdce_C_D)        0.109    15.287    u1/counter_reg[24]
  -------------------------------------------------------------------
                         required time                         15.287    
                         arrival time                          -8.537    
  -------------------------------------------------------------------
                         slack                                  6.751    

Slack (MET) :             6.764ns  (required time - arrival time)
  Source:                 u1/doppler_in_last_reg/C
                            (rising edge-triggered cell FDCE clocked by clk  {rise@0.000ns fall@5.000ns period=10.000ns})
  Destination:            u1/counter_reg[21]/D
                            (rising edge-triggered cell FDCE clocked by clk  {rise@0.000ns fall@5.000ns period=10.000ns})
  Path Group:             clk
  Path Type:              Setup (Max at Slow Process Corner)
  Requirement:            10.000ns  (clk rise@10.000ns - clk rise@0.000ns)
  Data Path Delay:        3.288ns  (logic 2.097ns (63.778%)  route 1.191ns (36.222%))
  Logic Levels:           7  (CARRY4=6 LUT3=1)
  Clock Path Skew:        -0.022ns (DCD - SCD + CPR)
    Destination Clock Delay (DCD):    4.939ns = ( 14.939 - 10.000 ) 
    Source Clock Delay      (SCD):    5.236ns
    Clock Pessimism Removal (CPR):    0.275ns
  Clock Uncertainty:      0.035ns  ((TSJ^2 + TIJ^2)^1/2 + DJ) / 2 + PE
    Total System Jitter     (TSJ):    0.071ns
    Total Input Jitter      (TIJ):    0.000ns
    Discrete Jitter          (DJ):    0.000ns
    Phase Error              (PE):    0.000ns

    Location             Delay type                Incr(ns)  Path(ns)    Netlist Resource(s)
  -------------------------------------------------------------------    -------------------
                         (clock clk rise edge)        0.000     0.000 r  
    E3                                                0.000     0.000 r  clk (IN)
                         net (fo=0)                   0.000     0.000    clk
    E3                   IBUF (Prop_ibuf_I_O)         1.482     1.482 r  clk_IBUF_inst/O
                         net (fo=1, routed)           2.025     3.506    clk_IBUF
    BUFGCTRL_X0Y16       BUFG (Prop_bufg_I_O)         0.096     3.602 r  clk_IBUF_BUFG_inst/O
                         net (fo=82, routed)          1.633     5.236    u1/CLK
    SLICE_X10Y78         FDCE                                         r  u1/doppler_in_last_reg/C
  -------------------------------------------------------------------    -------------------
    SLICE_X10Y78         FDCE (Prop_fdce_C_Q)         0.478     5.714 r  u1/doppler_in_last_reg/Q
                         net (fo=34, routed)          1.182     6.896    u1/doppler_in_last
    SLICE_X10Y74         LUT3 (Prop_lut3_I1_O)        0.295     7.191 r  u1/counter[0]_i_5/O
                         net (fo=1, routed)           0.000     7.191    u1/counter[0]_i_5_n_0
    SLICE_X10Y74         CARRY4 (Prop_carry4_S[1]_CO[3])
                                                      0.533     7.724 r  u1/counter_reg[0]_i_1/CO[3]
                         net (fo=1, routed)           0.009     7.733    u1/counter_reg[0]_i_1_n_0
    SLICE_X10Y75         CARRY4 (Prop_carry4_CI_CO[3])
                                                      0.117     7.850 r  u1/counter_reg[4]_i_1/CO[3]
                         net (fo=1, routed)           0.000     7.850    u1/counter_reg[4]_i_1_n_0
    SLICE_X10Y76         CARRY4 (Prop_carry4_CI_CO[3])
                                                      0.117     7.967 r  u1/counter_reg[8]_i_1/CO[3]
                         net (fo=1, routed)           0.000     7.967    u1/counter_reg[8]_i_1_n_0
    SLICE_X10Y77         CARRY4 (Prop_carry4_CI_CO[3])
                                                      0.117     8.084 r  u1/counter_reg[12]_i_1/CO[3]
                         net (fo=1, routed)           0.000     8.084    u1/counter_reg[12]_i_1_n_0
    SLICE_X10Y78         CARRY4 (Prop_carry4_CI_CO[3])
                                                      0.117     8.201 r  u1/counter_reg[16]_i_1/CO[3]
                         net (fo=1, routed)           0.000     8.201    u1/counter_reg[16]_i_1_n_0
    SLICE_X10Y79         CARRY4 (Prop_carry4_CI_O[1])
                                                      0.323     8.524 r  u1/counter_reg[20]_i_1/O[1]
                         net (fo=1, routed)           0.000     8.524    u1/counter_reg[20]_i_1_n_6
    SLICE_X10Y79         FDCE                                         r  u1/counter_reg[21]/D
  -------------------------------------------------------------------    -------------------

                         (clock clk rise edge)       10.000    10.000 r  
    E3                                                0.000    10.000 r  clk (IN)
                         net (fo=0)                   0.000    10.000    clk
    E3                   IBUF (Prop_ibuf_I_O)         1.411    11.411 r  clk_IBUF_inst/O
                         net (fo=1, routed)           1.920    13.331    clk_IBUF
    BUFGCTRL_X0Y16       BUFG (Prop_bufg_I_O)         0.091    13.422 r  clk_IBUF_BUFG_inst/O
                         net (fo=82, routed)          1.516    14.939    u1/CLK
    SLICE_X10Y79         FDCE                                         r  u1/counter_reg[21]/C
                         clock pessimism              0.275    15.214    
                         clock uncertainty           -0.035    15.178    
    SLICE_X10Y79         FDCE (Setup_fdce_C_D)        0.109    15.287    u1/counter_reg[21]
  -------------------------------------------------------------------
                         required time                         15.287    
                         arrival time                          -8.524    
  -------------------------------------------------------------------
                         slack                                  6.764    

Slack (MET) :             6.772ns  (required time - arrival time)
  Source:                 u1/doppler_in_last_reg/C
                            (rising edge-triggered cell FDCE clocked by clk  {rise@0.000ns fall@5.000ns period=10.000ns})
  Destination:            u1/counter_reg[23]/D
                            (rising edge-triggered cell FDCE clocked by clk  {rise@0.000ns fall@5.000ns period=10.000ns})
  Path Group:             clk
  Path Type:              Setup (Max at Slow Process Corner)
  Requirement:            10.000ns  (clk rise@10.000ns - clk rise@0.000ns)
  Data Path Delay:        3.280ns  (logic 2.089ns (63.689%)  route 1.191ns (36.311%))
  Logic Levels:           7  (CARRY4=6 LUT3=1)
  Clock Path Skew:        -0.022ns (DCD - SCD + CPR)
    Destination Clock Delay (DCD):    4.939ns = ( 14.939 - 10.000 ) 
    Source Clock Delay      (SCD):    5.236ns
    Clock Pessimism Removal (CPR):    0.275ns
  Clock Uncertainty:      0.035ns  ((TSJ^2 + TIJ^2)^1/2 + DJ) / 2 + PE
    Total System Jitter     (TSJ):    0.071ns
    Total Input Jitter      (TIJ):    0.000ns
    Discrete Jitter          (DJ):    0.000ns
    Phase Error              (PE):    0.000ns

    Location             Delay type                Incr(ns)  Path(ns)    Netlist Resource(s)
  -------------------------------------------------------------------    -------------------
                         (clock clk rise edge)        0.000     0.000 r  
    E3                                                0.000     0.000 r  clk (IN)
                         net (fo=0)                   0.000     0.000    clk
    E3                   IBUF (Prop_ibuf_I_O)         1.482     1.482 r  clk_IBUF_inst/O
                         net (fo=1, routed)           2.025     3.506    clk_IBUF
    BUFGCTRL_X0Y16       BUFG (Prop_bufg_I_O)         0.096     3.602 r  clk_IBUF_BUFG_inst/O
                         net (fo=82, routed)          1.633     5.236    u1/CLK
    SLICE_X10Y78         FDCE                                         r  u1/doppler_in_last_reg/C
  -------------------------------------------------------------------    -------------------
    SLICE_X10Y78         FDCE (Prop_fdce_C_Q)         0.478     5.714 r  u1/doppler_in_last_reg/Q
                         net (fo=34, routed)          1.182     6.896    u1/doppler_in_last
    SLICE_X10Y74         LUT3 (Prop_lut3_I1_O)        0.295     7.191 r  u1/counter[0]_i_5/O
                         net (fo=1, routed)           0.000     7.191    u1/counter[0]_i_5_n_0
    SLICE_X10Y74         CARRY4 (Prop_carry4_S[1]_CO[3])
                                                      0.533     7.724 r  u1/counter_reg[0]_i_1/CO[3]
                         net (fo=1, routed)           0.009     7.733    u1/counter_reg[0]_i_1_n_0
    SLICE_X10Y75         CARRY4 (Prop_carry4_CI_CO[3])
                                                      0.117     7.850 r  u1/counter_reg[4]_i_1/CO[3]
                         net (fo=1, routed)           0.000     7.850    u1/counter_reg[4]_i_1_n_0
    SLICE_X10Y76         CARRY4 (Prop_carry4_CI_CO[3])
                                                      0.117     7.967 r  u1/counter_reg[8]_i_1/CO[3]
                         net (fo=1, routed)           0.000     7.967    u1/counter_reg[8]_i_1_n_0
    SLICE_X10Y77         CARRY4 (Prop_carry4_CI_CO[3])
                                                      0.117     8.084 r  u1/counter_reg[12]_i_1/CO[3]
                         net (fo=1, routed)           0.000     8.084    u1/counter_reg[12]_i_1_n_0
    SLICE_X10Y78         CARRY4 (Prop_carry4_CI_CO[3])
                                                      0.117     8.201 r  u1/counter_reg[16]_i_1/CO[3]
                         net (fo=1, routed)           0.000     8.201    u1/counter_reg[16]_i_1_n_0
    SLICE_X10Y79         CARRY4 (Prop_carry4_CI_O[3])
                                                      0.315     8.516 r  u1/counter_reg[20]_i_1/O[3]
                         net (fo=1, routed)           0.000     8.516    u1/counter_reg[20]_i_1_n_4
    SLICE_X10Y79         FDCE                                         r  u1/counter_reg[23]/D
  -------------------------------------------------------------------    -------------------

                         (clock clk rise edge)       10.000    10.000 r  
    E3                                                0.000    10.000 r  clk (IN)
                         net (fo=0)                   0.000    10.000    clk
    E3                   IBUF (Prop_ibuf_I_O)         1.411    11.411 r  clk_IBUF_inst/O
                         net (fo=1, routed)           1.920    13.331    clk_IBUF
    BUFGCTRL_X0Y16       BUFG (Prop_bufg_I_O)         0.091    13.422 r  clk_IBUF_BUFG_inst/O
                         net (fo=82, routed)          1.516    14.939    u1/CLK
    SLICE_X10Y79         FDCE                                         r  u1/counter_reg[23]/C
                         clock pessimism              0.275    15.214    
                         clock uncertainty           -0.035    15.178    
    SLICE_X10Y79         FDCE (Setup_fdce_C_D)        0.109    15.287    u1/counter_reg[23]
  -------------------------------------------------------------------
                         required time                         15.287    
                         arrival time                          -8.516    
  -------------------------------------------------------------------
                         slack                                  6.772    





Min Delay Paths
--------------------------------------------------------------------------------------
Slack (MET) :             0.187ns  (arrival time - required time)
  Source:                 u1/counter_reg[20]/C
                            (rising edge-triggered cell FDCE clocked by clk  {rise@0.000ns fall@5.000ns period=10.000ns})
  Destination:            u1/time_out_reg[20]/D
                            (rising edge-triggered cell FDCE clocked by clk  {rise@0.000ns fall@5.000ns period=10.000ns})
  Path Group:             clk
  Path Type:              Hold (Min at Fast Process Corner)
  Requirement:            0.000ns  (clk rise@0.000ns - clk rise@0.000ns)
  Data Path Delay:        0.257ns  (logic 0.164ns (63.762%)  route 0.093ns (36.238%))
  Logic Levels:           0  
  Clock Path Skew:        0.013ns (DCD - SCD - CPR)
    Destination Clock Delay (DCD):    2.000ns
    Source Clock Delay      (SCD):    1.485ns
    Clock Pessimism Removal (CPR):    0.501ns

    Location             Delay type                Incr(ns)  Path(ns)    Netlist Resource(s)
  -------------------------------------------------------------------    -------------------
                         (clock clk rise edge)        0.000     0.000 r  
    E3                                                0.000     0.000 r  clk (IN)
                         net (fo=0)                   0.000     0.000    clk
    E3                   IBUF (Prop_ibuf_I_O)         0.250     0.250 r  clk_IBUF_inst/O
                         net (fo=1, routed)           0.644     0.894    clk_IBUF
    BUFGCTRL_X0Y16       BUFG (Prop_bufg_I_O)         0.026     0.920 r  clk_IBUF_BUFG_inst/O
                         net (fo=82, routed)          0.566     1.485    u1/CLK
    SLICE_X10Y79         FDCE                                         r  u1/counter_reg[20]/C
  -------------------------------------------------------------------    -------------------
    SLICE_X10Y79         FDCE (Prop_fdce_C_Q)         0.164     1.649 r  u1/counter_reg[20]/Q
                         net (fo=2, routed)           0.093     1.743    u1/counter_reg[20]
    SLICE_X11Y79         FDCE                                         r  u1/time_out_reg[20]/D
  -------------------------------------------------------------------    -------------------

                         (clock clk rise edge)        0.000     0.000 r  
    E3                                                0.000     0.000 r  clk (IN)
                         net (fo=0)                   0.000     0.000    clk
    E3                   IBUF (Prop_ibuf_I_O)         0.438     0.438 r  clk_IBUF_inst/O
                         net (fo=1, routed)           0.699     1.136    clk_IBUF
    BUFGCTRL_X0Y16       BUFG (Prop_bufg_I_O)         0.029     1.165 r  clk_IBUF_BUFG_inst/O
                         net (fo=82, routed)          0.835     2.000    u1/CLK
    SLICE_X11Y79         FDCE                                         r  u1/time_out_reg[20]/C
                         clock pessimism             -0.501     1.498    
    SLICE_X11Y79         FDCE (Hold_fdce_C_D)         0.057     1.555    u1/time_out_reg[20]
  -------------------------------------------------------------------
                         required time                         -1.555    
                         arrival time                           1.743    
  -------------------------------------------------------------------
                         slack                                  0.187    

Slack (MET) :             0.187ns  (arrival time - required time)
  Source:                 u1/counter_reg[24]/C
                            (rising edge-triggered cell FDCE clocked by clk  {rise@0.000ns fall@5.000ns period=10.000ns})
  Destination:            u1/time_out_reg[24]/D
                            (rising edge-triggered cell FDCE clocked by clk  {rise@0.000ns fall@5.000ns period=10.000ns})
  Path Group:             clk
  Path Type:              Hold (Min at Fast Process Corner)
  Requirement:            0.000ns  (clk rise@0.000ns - clk rise@0.000ns)
  Data Path Delay:        0.257ns  (logic 0.164ns (63.762%)  route 0.093ns (36.238%))
  Logic Levels:           0  
  Clock Path Skew:        0.013ns (DCD - SCD - CPR)
    Destination Clock Delay (DCD):    2.001ns
    Source Clock Delay      (SCD):    1.486ns
    Clock Pessimism Removal (CPR):    0.501ns

    Location             Delay type                Incr(ns)  Path(ns)    Netlist Resource(s)
  -------------------------------------------------------------------    -------------------
                         (clock clk rise edge)        0.000     0.000 r  
    E3                                                0.000     0.000 r  clk (IN)
                         net (fo=0)                   0.000     0.000    clk
    E3                   IBUF (Prop_ibuf_I_O)         0.250     0.250 r  clk_IBUF_inst/O
                         net (fo=1, routed)           0.644     0.894    clk_IBUF
    BUFGCTRL_X0Y16       BUFG (Prop_bufg_I_O)         0.026     0.920 r  clk_IBUF_BUFG_inst/O
                         net (fo=82, routed)          0.567     1.486    u1/CLK
    SLICE_X10Y80         FDCE                                         r  u1/counter_reg[24]/C
  -------------------------------------------------------------------    -------------------
    SLICE_X10Y80         FDCE (Prop_fdce_C_Q)         0.164     1.650 r  u1/counter_reg[24]/Q
                         net (fo=2, routed)           0.093     1.744    u1/counter_reg[24]
    SLICE_X11Y80         FDCE                                         r  u1/time_out_reg[24]/D
  -------------------------------------------------------------------    -------------------

                         (clock clk rise edge)        0.000     0.000 r  
    E3                                                0.000     0.000 r  clk (IN)
                         net (fo=0)                   0.000     0.000    clk
    E3                   IBUF (Prop_ibuf_I_O)         0.438     0.438 r  clk_IBUF_inst/O
                         net (fo=1, routed)           0.699     1.136    clk_IBUF
    BUFGCTRL_X0Y16       BUFG (Prop_bufg_I_O)         0.029     1.165 r  clk_IBUF_BUFG_inst/O
                         net (fo=82, routed)          0.836     2.001    u1/CLK
    SLICE_X11Y80         FDCE                                         r  u1/time_out_reg[24]/C
                         clock pessimism             -0.501     1.499    
    SLICE_X11Y80         FDCE (Hold_fdce_C_D)         0.057     1.556    u1/time_out_reg[24]
  -------------------------------------------------------------------
                         required time                         -1.556    
                         arrival time                           1.744    
  -------------------------------------------------------------------
                         slack                                  0.187    

Slack (MET) :             0.187ns  (arrival time - required time)
  Source:                 u1/counter_reg[28]/C
                            (rising edge-triggered cell FDCE clocked by clk  {rise@0.000ns fall@5.000ns period=10.000ns})
  Destination:            u1/time_out_reg[28]/D
                            (rising edge-triggered cell FDCE clocked by clk  {rise@0.000ns fall@5.000ns period=10.000ns})
  Path Group:             clk
  Path Type:              Hold (Min at Fast Process Corner)
  Requirement:            0.000ns  (clk rise@0.000ns - clk rise@0.000ns)
  Data Path Delay:        0.257ns  (logic 0.164ns (63.762%)  route 0.093ns (36.238%))
  Logic Levels:           0  
  Clock Path Skew:        0.013ns (DCD - SCD - CPR)
    Destination Clock Delay (DCD):    2.002ns
    Source Clock Delay      (SCD):    1.487ns
    Clock Pessimism Removal (CPR):    0.501ns

    Location             Delay type                Incr(ns)  Path(ns)    Netlist Resource(s)
  -------------------------------------------------------------------    -------------------
                         (clock clk rise edge)        0.000     0.000 r  
    E3                                                0.000     0.000 r  clk (IN)
                         net (fo=0)                   0.000     0.000    clk
    E3                   IBUF (Prop_ibuf_I_O)         0.250     0.250 r  clk_IBUF_inst/O
                         net (fo=1, routed)           0.644     0.894    clk_IBUF
    BUFGCTRL_X0Y16       BUFG (Prop_bufg_I_O)         0.026     0.920 r  clk_IBUF_BUFG_inst/O
                         net (fo=82, routed)          0.568     1.487    u1/CLK
    SLICE_X10Y81         FDCE                                         r  u1/counter_reg[28]/C
  -------------------------------------------------------------------    -------------------
    SLICE_X10Y81         FDCE (Prop_fdce_C_Q)         0.164     1.651 r  u1/counter_reg[28]/Q
                         net (fo=2, routed)           0.093     1.745    u1/counter_reg[28]
    SLICE_X11Y81         FDCE                                         r  u1/time_out_reg[28]/D
  -------------------------------------------------------------------    -------------------

                         (clock clk rise edge)        0.000     0.000 r  
    E3                                                0.000     0.000 r  clk (IN)
                         net (fo=0)                   0.000     0.000    clk
    E3                   IBUF (Prop_ibuf_I_O)         0.438     0.438 r  clk_IBUF_inst/O
                         net (fo=1, routed)           0.699     1.136    clk_IBUF
    BUFGCTRL_X0Y16       BUFG (Prop_bufg_I_O)         0.029     1.165 r  clk_IBUF_BUFG_inst/O
                         net (fo=82, routed)          0.837     2.002    u1/CLK
    SLICE_X11Y81         FDCE                                         r  u1/time_out_reg[28]/C
                         clock pessimism             -0.501     1.500    
    SLICE_X11Y81         FDCE (Hold_fdce_C_D)         0.057     1.557    u1/time_out_reg[28]
  -------------------------------------------------------------------
                         required time                         -1.557    
                         arrival time                           1.745    
  -------------------------------------------------------------------
                         slack                                  0.187    

Slack (MET) :             0.187ns  (arrival time - required time)
  Source:                 u1/counter_reg[16]/C
                            (rising edge-triggered cell FDCE clocked by clk  {rise@0.000ns fall@5.000ns period=10.000ns})
  Destination:            u1/time_out_reg[16]/D
                            (rising edge-triggered cell FDCE clocked by clk  {rise@0.000ns fall@5.000ns period=10.000ns})
  Path Group:             clk
  Path Type:              Hold (Min at Fast Process Corner)
  Requirement:            0.000ns  (clk rise@0.000ns - clk rise@0.000ns)
  Data Path Delay:        0.257ns  (logic 0.164ns (63.762%)  route 0.093ns (36.238%))
  Logic Levels:           0  
  Clock Path Skew:        0.013ns (DCD - SCD - CPR)
    Destination Clock Delay (DCD):    1.999ns
    Source Clock Delay      (SCD):    1.484ns
    Clock Pessimism Removal (CPR):    0.501ns

    Location             Delay type                Incr(ns)  Path(ns)    Netlist Resource(s)
  -------------------------------------------------------------------    -------------------
                         (clock clk rise edge)        0.000     0.000 r  
    E3                                                0.000     0.000 r  clk (IN)
                         net (fo=0)                   0.000     0.000    clk
    E3                   IBUF (Prop_ibuf_I_O)         0.250     0.250 r  clk_IBUF_inst/O
                         net (fo=1, routed)           0.644     0.894    clk_IBUF
    BUFGCTRL_X0Y16       BUFG (Prop_bufg_I_O)         0.026     0.920 r  clk_IBUF_BUFG_inst/O
                         net (fo=82, routed)          0.565     1.484    u1/CLK
    SLICE_X10Y78         FDCE                                         r  u1/counter_reg[16]/C
  -------------------------------------------------------------------    -------------------
    SLICE_X10Y78         FDCE (Prop_fdce_C_Q)         0.164     1.648 r  u1/counter_reg[16]/Q
                         net (fo=2, routed)           0.093     1.742    u1/counter_reg[16]
    SLICE_X11Y78         FDCE                                         r  u1/time_out_reg[16]/D
  -------------------------------------------------------------------    -------------------

                         (clock clk rise edge)        0.000     0.000 r  
    E3                                                0.000     0.000 r  clk (IN)
                         net (fo=0)                   0.000     0.000    clk
    E3                   IBUF (Prop_ibuf_I_O)         0.438     0.438 r  clk_IBUF_inst/O
                         net (fo=1, routed)           0.699     1.136    clk_IBUF
    BUFGCTRL_X0Y16       BUFG (Prop_bufg_I_O)         0.029     1.165 r  clk_IBUF_BUFG_inst/O
                         net (fo=82, routed)          0.834     1.999    u1/CLK
    SLICE_X11Y78         FDCE                                         r  u1/time_out_reg[16]/C
                         clock pessimism             -0.501     1.497    
    SLICE_X11Y78         FDCE (Hold_fdce_C_D)         0.057     1.554    u1/time_out_reg[16]
  -------------------------------------------------------------------
                         required time                         -1.554    
                         arrival time                           1.742    
  -------------------------------------------------------------------
                         slack                                  0.187    

Slack (MET) :             0.189ns  (arrival time - required time)
  Source:                 u1/counter_reg[23]/C
                            (rising edge-triggered cell FDCE clocked by clk  {rise@0.000ns fall@5.000ns period=10.000ns})
  Destination:            u1/time_out_reg[23]/D
                            (rising edge-triggered cell FDCE clocked by clk  {rise@0.000ns fall@5.000ns period=10.000ns})
  Path Group:             clk
  Path Type:              Hold (Min at Fast Process Corner)
  Requirement:            0.000ns  (clk rise@0.000ns - clk rise@0.000ns)
  Data Path Delay:        0.257ns  (logic 0.164ns (63.762%)  route 0.093ns (36.238%))
  Logic Levels:           0  
  Clock Path Skew:        0.013ns (DCD - SCD - CPR)
    Destination Clock Delay (DCD):    2.000ns
    Source Clock Delay      (SCD):    1.485ns
    Clock Pessimism Removal (CPR):    0.501ns

    Location             Delay type                Incr(ns)  Path(ns)    Netlist Resource(s)
  -------------------------------------------------------------------    -------------------
                         (clock clk rise edge)        0.000     0.000 r  
    E3                                                0.000     0.000 r  clk (IN)
                         net (fo=0)                   0.000     0.000    clk
    E3                   IBUF (Prop_ibuf_I_O)         0.250     0.250 r  clk_IBUF_inst/O
                         net (fo=1, routed)           0.644     0.894    clk_IBUF
    BUFGCTRL_X0Y16       BUFG (Prop_bufg_I_O)         0.026     0.920 r  clk_IBUF_BUFG_inst/O
                         net (fo=82, routed)          0.566     1.485    u1/CLK
    SLICE_X10Y79         FDCE                                         r  u1/counter_reg[23]/C
  -------------------------------------------------------------------    -------------------
    SLICE_X10Y79         FDCE (Prop_fdce_C_Q)         0.164     1.649 r  u1/counter_reg[23]/Q
                         net (fo=2, routed)           0.093     1.743    u1/counter_reg[23]
    SLICE_X11Y79         FDCE                                         r  u1/time_out_reg[23]/D
  -------------------------------------------------------------------    -------------------

                         (clock clk rise edge)        0.000     0.000 r  
    E3                                                0.000     0.000 r  clk (IN)
                         net (fo=0)                   0.000     0.000    clk
    E3                   IBUF (Prop_ibuf_I_O)         0.438     0.438 r  clk_IBUF_inst/O
                         net (fo=1, routed)           0.699     1.136    clk_IBUF
    BUFGCTRL_X0Y16       BUFG (Prop_bufg_I_O)         0.029     1.165 r  clk_IBUF_BUFG_inst/O
                         net (fo=82, routed)          0.835     2.000    u1/CLK
    SLICE_X11Y79         FDCE                                         r  u1/time_out_reg[23]/C
                         clock pessimism             -0.501     1.498    
    SLICE_X11Y79         FDCE (Hold_fdce_C_D)         0.055     1.553    u1/time_out_reg[23]
  -------------------------------------------------------------------
                         required time                         -1.553    
                         arrival time                           1.743    
  -------------------------------------------------------------------
                         slack                                  0.189    

Slack (MET) :             0.189ns  (arrival time - required time)
  Source:                 u1/counter_reg[27]/C
                            (rising edge-triggered cell FDCE clocked by clk  {rise@0.000ns fall@5.000ns period=10.000ns})
  Destination:            u1/time_out_reg[27]/D
                            (rising edge-triggered cell FDCE clocked by clk  {rise@0.000ns fall@5.000ns period=10.000ns})
  Path Group:             clk
  Path Type:              Hold (Min at Fast Process Corner)
  Requirement:            0.000ns  (clk rise@0.000ns - clk rise@0.000ns)
  Data Path Delay:        0.257ns  (logic 0.164ns (63.762%)  route 0.093ns (36.238%))
  Logic Levels:           0  
  Clock Path Skew:        0.013ns (DCD - SCD - CPR)
    Destination Clock Delay (DCD):    2.001ns
    Source Clock Delay      (SCD):    1.486ns
    Clock Pessimism Removal (CPR):    0.501ns

    Location             Delay type                Incr(ns)  Path(ns)    Netlist Resource(s)
  -------------------------------------------------------------------    -------------------
                         (clock clk rise edge)        0.000     0.000 r  
    E3                                                0.000     0.000 r  clk (IN)
                         net (fo=0)                   0.000     0.000    clk
    E3                   IBUF (Prop_ibuf_I_O)         0.250     0.250 r  clk_IBUF_inst/O
                         net (fo=1, routed)           0.644     0.894    clk_IBUF
    BUFGCTRL_X0Y16       BUFG (Prop_bufg_I_O)         0.026     0.920 r  clk_IBUF_BUFG_inst/O
                         net (fo=82, routed)          0.567     1.486    u1/CLK
    SLICE_X10Y80         FDCE                                         r  u1/counter_reg[27]/C
  -------------------------------------------------------------------    -------------------
    SLICE_X10Y80         FDCE (Prop_fdce_C_Q)         0.164     1.650 r  u1/counter_reg[27]/Q
                         net (fo=2, routed)           0.093     1.744    u1/counter_reg[27]
    SLICE_X11Y80         FDCE                                         r  u1/time_out_reg[27]/D
  -------------------------------------------------------------------    -------------------

                         (clock clk rise edge)        0.000     0.000 r  
    E3                                                0.000     0.000 r  clk (IN)
                         net (fo=0)                   0.000     0.000    clk
    E3                   IBUF (Prop_ibuf_I_O)         0.438     0.438 r  clk_IBUF_inst/O
                         net (fo=1, routed)           0.699     1.136    clk_IBUF
    BUFGCTRL_X0Y16       BUFG (Prop_bufg_I_O)         0.029     1.165 r  clk_IBUF_BUFG_inst/O
                         net (fo=82, routed)          0.836     2.001    u1/CLK
    SLICE_X11Y80         FDCE                                         r  u1/time_out_reg[27]/C
                         clock pessimism             -0.501     1.499    
    SLICE_X11Y80         FDCE (Hold_fdce_C_D)         0.055     1.554    u1/time_out_reg[27]
  -------------------------------------------------------------------
                         required time                         -1.554    
                         arrival time                           1.744    
  -------------------------------------------------------------------
                         slack                                  0.189    

Slack (MET) :             0.189ns  (arrival time - required time)
  Source:                 u1/counter_reg[31]/C
                            (rising edge-triggered cell FDCE clocked by clk  {rise@0.000ns fall@5.000ns period=10.000ns})
  Destination:            u1/time_out_reg[31]/D
                            (rising edge-triggered cell FDCE clocked by clk  {rise@0.000ns fall@5.000ns period=10.000ns})
  Path Group:             clk
  Path Type:              Hold (Min at Fast Process Corner)
  Requirement:            0.000ns  (clk rise@0.000ns - clk rise@0.000ns)
  Data Path Delay:        0.257ns  (logic 0.164ns (63.762%)  route 0.093ns (36.238%))
  Logic Levels:           0  
  Clock Path Skew:        0.013ns (DCD - SCD - CPR)
    Destination Clock Delay (DCD):    2.002ns
    Source Clock Delay      (SCD):    1.487ns
    Clock Pessimism Removal (CPR):    0.501ns

    Location             Delay type                Incr(ns)  Path(ns)    Netlist Resource(s)
  -------------------------------------------------------------------    -------------------
                         (clock clk rise edge)        0.000     0.000 r  
    E3                                                0.000     0.000 r  clk (IN)
                         net (fo=0)                   0.000     0.000    clk
    E3                   IBUF (Prop_ibuf_I_O)         0.250     0.250 r  clk_IBUF_inst/O
                         net (fo=1, routed)           0.644     0.894    clk_IBUF
    BUFGCTRL_X0Y16       BUFG (Prop_bufg_I_O)         0.026     0.920 r  clk_IBUF_BUFG_inst/O
                         net (fo=82, routed)          0.568     1.487    u1/CLK
    SLICE_X10Y81         FDCE                                         r  u1/counter_reg[31]/C
  -------------------------------------------------------------------    -------------------
    SLICE_X10Y81         FDCE (Prop_fdce_C_Q)         0.164     1.651 r  u1/counter_reg[31]/Q
                         net (fo=2, routed)           0.093     1.745    u1/counter_reg[31]
    SLICE_X11Y81         FDCE                                         r  u1/time_out_reg[31]/D
  -------------------------------------------------------------------    -------------------

                         (clock clk rise edge)        0.000     0.000 r  
    E3                                                0.000     0.000 r  clk (IN)
                         net (fo=0)                   0.000     0.000    clk
    E3                   IBUF (Prop_ibuf_I_O)         0.438     0.438 r  clk_IBUF_inst/O
                         net (fo=1, routed)           0.699     1.136    clk_IBUF
    BUFGCTRL_X0Y16       BUFG (Prop_bufg_I_O)         0.029     1.165 r  clk_IBUF_BUFG_inst/O
                         net (fo=82, routed)          0.837     2.002    u1/CLK
    SLICE_X11Y81         FDCE                                         r  u1/time_out_reg[31]/C
                         clock pessimism             -0.501     1.500    
    SLICE_X11Y81         FDCE (Hold_fdce_C_D)         0.055     1.555    u1/time_out_reg[31]
  -------------------------------------------------------------------
                         required time                         -1.555    
                         arrival time                           1.745    
  -------------------------------------------------------------------
                         slack                                  0.189    

Slack (MET) :             0.189ns  (arrival time - required time)
  Source:                 u1/counter_reg[19]/C
                            (rising edge-triggered cell FDCE clocked by clk  {rise@0.000ns fall@5.000ns period=10.000ns})
  Destination:            u1/time_out_reg[19]/D
                            (rising edge-triggered cell FDCE clocked by clk  {rise@0.000ns fall@5.000ns period=10.000ns})
  Path Group:             clk
  Path Type:              Hold (Min at Fast Process Corner)
  Requirement:            0.000ns  (clk rise@0.000ns - clk rise@0.000ns)
  Data Path Delay:        0.257ns  (logic 0.164ns (63.762%)  route 0.093ns (36.238%))
  Logic Levels:           0  
  Clock Path Skew:        0.013ns (DCD - SCD - CPR)
    Destination Clock Delay (DCD):    1.999ns
    Source Clock Delay      (SCD):    1.484ns
    Clock Pessimism Removal (CPR):    0.501ns

    Location             Delay type                Incr(ns)  Path(ns)    Netlist Resource(s)
  -------------------------------------------------------------------    -------------------
                         (clock clk rise edge)        0.000     0.000 r  
    E3                                                0.000     0.000 r  clk (IN)
                         net (fo=0)                   0.000     0.000    clk
    E3                   IBUF (Prop_ibuf_I_O)         0.250     0.250 r  clk_IBUF_inst/O
                         net (fo=1, routed)           0.644     0.894    clk_IBUF
    BUFGCTRL_X0Y16       BUFG (Prop_bufg_I_O)         0.026     0.920 r  clk_IBUF_BUFG_inst/O
                         net (fo=82, routed)          0.565     1.484    u1/CLK
    SLICE_X10Y78         FDCE                                         r  u1/counter_reg[19]/C
  -------------------------------------------------------------------    -------------------
    SLICE_X10Y78         FDCE (Prop_fdce_C_Q)         0.164     1.648 r  u1/counter_reg[19]/Q
                         net (fo=2, routed)           0.093     1.742    u1/counter_reg[19]
    SLICE_X11Y78         FDCE                                         r  u1/time_out_reg[19]/D
  -------------------------------------------------------------------    -------------------

                         (clock clk rise edge)        0.000     0.000 r  
    E3                                                0.000     0.000 r  clk (IN)
                         net (fo=0)                   0.000     0.000    clk
    E3                   IBUF (Prop_ibuf_I_O)         0.438     0.438 r  clk_IBUF_inst/O
                         net (fo=1, routed)           0.699     1.136    clk_IBUF
    BUFGCTRL_X0Y16       BUFG (Prop_bufg_I_O)         0.029     1.165 r  clk_IBUF_BUFG_inst/O
                         net (fo=82, routed)          0.834     1.999    u1/CLK
    SLICE_X11Y78         FDCE                                         r  u1/time_out_reg[19]/C
                         clock pessimism             -0.501     1.497    
    SLICE_X11Y78         FDCE (Hold_fdce_C_D)         0.055     1.552    u1/time_out_reg[19]
  -------------------------------------------------------------------
                         required time                         -1.552    
                         arrival time                           1.742    
  -------------------------------------------------------------------
                         slack                                  0.189    

Slack (MET) :             0.205ns  (arrival time - required time)
  Source:                 u1/counter_reg[10]/C
                            (rising edge-triggered cell FDCE clocked by clk  {rise@0.000ns fall@5.000ns period=10.000ns})
  Destination:            u1/time_out_reg[10]/D
                            (rising edge-triggered cell FDCE clocked by clk  {rise@0.000ns fall@5.000ns period=10.000ns})
  Path Group:             clk
  Path Type:              Hold (Min at Fast Process Corner)
  Requirement:            0.000ns  (clk rise@0.000ns - clk rise@0.000ns)
  Data Path Delay:        0.288ns  (logic 0.164ns (56.923%)  route 0.124ns (43.077%))
  Logic Levels:           0  
  Clock Path Skew:        0.013ns (DCD - SCD - CPR)
    Destination Clock Delay (DCD):    1.996ns
    Source Clock Delay      (SCD):    1.482ns
    Clock Pessimism Removal (CPR):    0.500ns

    Location             Delay type                Incr(ns)  Path(ns)    Netlist Resource(s)
  -------------------------------------------------------------------    -------------------
                         (clock clk rise edge)        0.000     0.000 r  
    E3                                                0.000     0.000 r  clk (IN)
                         net (fo=0)                   0.000     0.000    clk
    E3                   IBUF (Prop_ibuf_I_O)         0.250     0.250 r  clk_IBUF_inst/O
                         net (fo=1, routed)           0.644     0.894    clk_IBUF
    BUFGCTRL_X0Y16       BUFG (Prop_bufg_I_O)         0.026     0.920 r  clk_IBUF_BUFG_inst/O
                         net (fo=82, routed)          0.563     1.482    u1/CLK
    SLICE_X10Y76         FDCE                                         r  u1/counter_reg[10]/C
  -------------------------------------------------------------------    -------------------
    SLICE_X10Y76         FDCE (Prop_fdce_C_Q)         0.164     1.646 r  u1/counter_reg[10]/Q
                         net (fo=2, routed)           0.124     1.770    u1/counter_reg[10]
    SLICE_X11Y76         FDCE                                         r  u1/time_out_reg[10]/D
  -------------------------------------------------------------------    -------------------

                         (clock clk rise edge)        0.000     0.000 r  
    E3                                                0.000     0.000 r  clk (IN)
                         net (fo=0)                   0.000     0.000    clk
    E3                   IBUF (Prop_ibuf_I_O)         0.438     0.438 r  clk_IBUF_inst/O
                         net (fo=1, routed)           0.699     1.136    clk_IBUF
    BUFGCTRL_X0Y16       BUFG (Prop_bufg_I_O)         0.029     1.165 r  clk_IBUF_BUFG_inst/O
                         net (fo=82, routed)          0.831     1.996    u1/CLK
    SLICE_X11Y76         FDCE                                         r  u1/time_out_reg[10]/C
                         clock pessimism             -0.500     1.495    
    SLICE_X11Y76         FDCE (Hold_fdce_C_D)         0.070     1.565    u1/time_out_reg[10]
  -------------------------------------------------------------------
                         required time                         -1.565    
                         arrival time                           1.770    
  -------------------------------------------------------------------
                         slack                                  0.205    

Slack (MET) :             0.238ns  (arrival time - required time)
  Source:                 u1/counter_reg[21]/C
                            (rising edge-triggered cell FDCE clocked by clk  {rise@0.000ns fall@5.000ns period=10.000ns})
  Destination:            u1/time_out_reg[21]/D
                            (rising edge-triggered cell FDCE clocked by clk  {rise@0.000ns fall@5.000ns period=10.000ns})
  Path Group:             clk
  Path Type:              Hold (Min at Fast Process Corner)
  Requirement:            0.000ns  (clk rise@0.000ns - clk rise@0.000ns)
  Data Path Delay:        0.310ns  (logic 0.164ns (52.868%)  route 0.146ns (47.132%))
  Logic Levels:           0  
  Clock Path Skew:        0.013ns (DCD - SCD - CPR)
    Destination Clock Delay (DCD):    2.000ns
    Source Clock Delay      (SCD):    1.485ns
    Clock Pessimism Removal (CPR):    0.501ns

    Location             Delay type                Incr(ns)  Path(ns)    Netlist Resource(s)
  -------------------------------------------------------------------    -------------------
                         (clock clk rise edge)        0.000     0.000 r  
    E3                                                0.000     0.000 r  clk (IN)
                         net (fo=0)                   0.000     0.000    clk
    E3                   IBUF (Prop_ibuf_I_O)         0.250     0.250 r  clk_IBUF_inst/O
                         net (fo=1, routed)           0.644     0.894    clk_IBUF
    BUFGCTRL_X0Y16       BUFG (Prop_bufg_I_O)         0.026     0.920 r  clk_IBUF_BUFG_inst/O
                         net (fo=82, routed)          0.566     1.485    u1/CLK
    SLICE_X10Y79         FDCE                                         r  u1/counter_reg[21]/C
  -------------------------------------------------------------------    -------------------
    SLICE_X10Y79         FDCE (Prop_fdce_C_Q)         0.164     1.649 r  u1/counter_reg[21]/Q
                         net (fo=2, routed)           0.146     1.796    u1/counter_reg[21]
    SLICE_X11Y79         FDCE                                         r  u1/time_out_reg[21]/D
  -------------------------------------------------------------------    -------------------

                         (clock clk rise edge)        0.000     0.000 r  
    E3                                                0.000     0.000 r  clk (IN)
                         net (fo=0)                   0.000     0.000    clk
    E3                   IBUF (Prop_ibuf_I_O)         0.438     0.438 r  clk_IBUF_inst/O
                         net (fo=1, routed)           0.699     1.136    clk_IBUF
    BUFGCTRL_X0Y16       BUFG (Prop_bufg_I_O)         0.029     1.165 r  clk_IBUF_BUFG_inst/O
                         net (fo=82, routed)          0.835     2.000    u1/CLK
    SLICE_X11Y79         FDCE                                         r  u1/time_out_reg[21]/C
                         clock pessimism             -0.501     1.498    
    SLICE_X11Y79         FDCE (Hold_fdce_C_D)         0.059     1.557    u1/time_out_reg[21]
  -------------------------------------------------------------------
                         required time                         -1.557    
                         arrival time                           1.796    
  -------------------------------------------------------------------
                         slack                                  0.238    





Pulse Width Checks
--------------------------------------------------------------------------------------
Clock Name:         clk
Waveform(ns):       { 0.000 5.000 }
Period(ns):         10.000
Sources:            { clk }

Check Type        Corner  Lib Pin  Reference Pin  Required(ns)  Actual(ns)  Slack(ns)  Location        Pin
Min Period        n/a     BUFG/I   n/a            2.155         10.000      7.845      BUFGCTRL_X0Y16  clk_IBUF_BUFG_inst/I
Min Period        n/a     FDCE/C   n/a            1.000         10.000      9.000      SLICE_X10Y74    u1/counter_reg[0]/C
Min Period        n/a     FDCE/C   n/a            1.000         10.000      9.000      SLICE_X10Y76    u1/counter_reg[10]/C
Min Period        n/a     FDCE/C   n/a            1.000         10.000      9.000      SLICE_X10Y76    u1/counter_reg[11]/C
Min Period        n/a     FDCE/C   n/a            1.000         10.000      9.000      SLICE_X10Y77    u1/counter_reg[12]/C
Min Period        n/a     FDCE/C   n/a            1.000         10.000      9.000      SLICE_X10Y77    u1/counter_reg[13]/C
Min Period        n/a     FDCE/C   n/a            1.000         10.000      9.000      SLICE_X10Y77    u1/counter_reg[14]/C
Min Period        n/a     FDCE/C   n/a            1.000         10.000      9.000      SLICE_X10Y77    u1/counter_reg[15]/C
Min Period        n/a     FDCE/C   n/a            1.000         10.000      9.000      SLICE_X10Y78    u1/counter_reg[16]/C
Min Period        n/a     FDCE/C   n/a            1.000         10.000      9.000      SLICE_X10Y78    u1/counter_reg[17]/C
Low Pulse Width   Slow    FDCE/C   n/a            0.500         5.000       4.500      SLICE_X10Y74    u1/counter_reg[0]/C
Low Pulse Width   Slow    FDCE/C   n/a            0.500         5.000       4.500      SLICE_X10Y74    u1/counter_reg[1]/C
Low Pulse Width   Slow    FDCE/C   n/a            0.500         5.000       4.500      SLICE_X10Y74    u1/counter_reg[2]/C
Low Pulse Width   Slow    FDCE/C   n/a            0.500         5.000       4.500      SLICE_X10Y74    u1/counter_reg[3]/C
Low Pulse Width   Slow    FDCE/C   n/a            0.500         5.000       4.500      SLICE_X10Y75    u1/counter_reg[4]/C
Low Pulse Width   Slow    FDCE/C   n/a            0.500         5.000       4.500      SLICE_X10Y75    u1/counter_reg[5]/C
Low Pulse Width   Slow    FDCE/C   n/a            0.500         5.000       4.500      SLICE_X10Y75    u1/counter_reg[6]/C
Low Pulse Width   Slow    FDCE/C   n/a            0.500         5.000       4.500      SLICE_X10Y75    u1/counter_reg[7]/C
Low Pulse Width   Slow    FDCE/C   n/a            0.500         5.000       4.500      SLICE_X11Y74    u1/time_out_reg[0]/C
Low Pulse Width   Slow    FDCE/C   n/a            0.500         5.000       4.500      SLICE_X11Y74    u1/time_out_reg[1]/C
High Pulse Width  Fast    FDCE/C   n/a            0.500         5.000       4.500      SLICE_X10Y74    u1/counter_reg[0]/C
High Pulse Width  Slow    FDCE/C   n/a            0.500         5.000       4.500      SLICE_X10Y76    u1/counter_reg[10]/C
High Pulse Width  Fast    FDCE/C   n/a            0.500         5.000       4.500      SLICE_X10Y76    u1/counter_reg[10]/C
High Pulse Width  Slow    FDCE/C   n/a            0.500         5.000       4.500      SLICE_X10Y76    u1/counter_reg[11]/C
High Pulse Width  Fast    FDCE/C   n/a            0.500         5.000       4.500      SLICE_X10Y76    u1/counter_reg[11]/C
High Pulse Width  Slow    FDCE/C   n/a            0.500         5.000       4.500      SLICE_X10Y77    u1/counter_reg[12]/C
High Pulse Width  Fast    FDCE/C   n/a            0.500         5.000       4.500      SLICE_X10Y77    u1/counter_reg[12]/C
High Pulse Width  Slow    FDCE/C   n/a            0.500         5.000       4.500      SLICE_X10Y77    u1/counter_reg[13]/C
High Pulse Width  Fast    FDCE/C   n/a            0.500         5.000       4.500      SLICE_X10Y77    u1/counter_reg[13]/C
High Pulse Width  Slow    FDCE/C   n/a            0.500         5.000       4.500      SLICE_X10Y77    u1/counter_reg[14]/C



